{"loss": [0.866691529750824, 15.452016830444336, 6.371189117431641, 1.9009673595428467, 0.7148581743240356, 0.8156924247741699, 0.43117839097976685, 0.31293362379074097, 0.44252917170524597, 0.1564466506242752], "accuracy": [0.49000000953674316, 0.5299999713897705, 0.6200000047683716, 0.7900000214576721, 0.8799999952316284, 0.8600000143051147, 0.8700000047683716, 0.9300000071525574, 0.9399999976158142, 0.9700000286102295], "val_loss": [0.9152899384498596, 0.8455532789230347, 0.84446120262146, 0.7552299499511719, 0.751335859298706, 0.8129786849021912, 0.938139796257019, 1.2723326683044434, 1.8519504070281982, 2.582749605178833], "val_accuracy": [0.5199999809265137, 0.47999998927116394, 0.47999998927116394, 0.5, 0.5099999904632568, 0.47999998927116394, 0.49000000953674316, 0.47999998927116394, 0.47999998927116394, 0.47999998927116394]}