{"loss": [11.256814002990723, 3.718400239944458, 2.2969553470611572, 1.3924200534820557, 0.7622020840644836, 1.052009105682373, 0.8108871579170227, 0.33436450362205505, 1.0619421005249023, 0.4068731665611267], "accuracy": [0.49000000953674316, 0.6600000262260437, 0.7799999713897705, 0.8500000238418579, 0.8799999952316284, 0.8799999952316284, 0.8899999856948853, 0.949999988079071, 0.9200000166893005, 0.949999988079071], "val_loss": [1.2424858808517456, 0.7450457811355591, 0.8053634166717529, 1.3790879249572754, 3.264340877532959, 7.5565690994262695, 11.920845985412598, 16.08291244506836, 19.636899948120117, 19.285602569580078], "val_accuracy": [0.49000000953674316, 0.5600000023841858, 0.5899999737739563, 0.5400000214576721, 0.5, 0.49000000953674316, 0.49000000953674316, 0.5, 0.49000000953674316, 0.49000000953674316]}

T(GPU) be the training time on a GPU.

T(TPU) be the training time on a TPU.

P(GPU) be the computational power (performance) of the GPU.

P(TPU) be the computational power (performance) of the TPU.

D be the dataset size.

B be the batch size.

E be the number of epochs.

T = Iterations x Time per iteration

T(GPU) = D/P